pant_description,shirt_description
Slim-fit navy blue trousers,White and blue checkered shirt
Loose-fitting beige cargo pants,Black t-shirt with graphic print
Classic black dress pants,Light blue button-up shirt
Skinny-fit grey joggers,Black hoodie
Khaki chino pants,Green polo shirt
Tailored dark brown dress pants,Striped blue and white oxford shirt
Relaxed-fit denim jeans,Plain white t-shirt
Slim-fit olive green chinos,Black leather jacket
Tapered light wash jeans,Red and black plaid flannel shirt
Navy blue cargo shorts,White tank top
Slim-fit black pants,Gray henley shirt
Loose-fit dark blue jeans,Black leather jacket
Skinny-fit brown chinos,Gray crewneck sweatshirt
Tapered olive green cargo pants,White button-up shirt
Loose-fit light wash jeans,Black and white striped t-shirt
Slim-fit beige chinos,Black polo shirt
Classic navy blue dress pants,Light pink button-up shirt
Skinny-fit black jeans,Gray hoodie
Tapered khaki cargo pants,Green plaid flannel shirt
Relaxed-fit light gray sweatpants,Black tank top
Slim-fit dark green chinos,White and blue striped polo shirt
Loose-fit black cargo pants,Red and black checkered shirt
Classic brown dress pants,Blue and white checkered shirt
Skinny-fit navy blue chinos,White t-shirt with graphic print
Tapered dark wash jeans,Gray and white striped t-shirt
Slim-fit gray chinos,Black button-up shirt
Loose-fit khaki pants,Light blue polo shirt
Tailored black dress pants,Gray blazer
Skinny-fit olive green jeans,Black turtleneck sweater
Tapered dark green cargo pants,Gray sweatshirt
Relaxed-fit light wash jeans,White and black striped t-shirt
Slim-fit black chinos,Red polo shirt
Classic gray dress pants,White button-up shirt
Skinny-fit beige chinos,Black t-shirt
Tapered navy blue cargo pants,Blue and white plaid flannel shirt
Loose-fit olive green pants,Black hoodie
Slim-fit light blue chinos,White and black checkered shirt
Classic black jeans,Gray crewneck sweatshirt
Skinny-fit khaki chinos,Blue button-up shirt
Tapered light gray cargo pants,Red and black striped t-shirt
Relaxed-fit dark blue jeans,Black tank top
Slim-fit dark gray chinos,White polo shirt
Loose-fit navy blue pants,Gray t-shirt
Tailored charcoal gray dress pants,White dress shirt
Skinny-fit brown jeans,Black leather jacket
Tapered beige cargo pants,Light blue polo shirt
Relaxed-fit black sweatpants,White tank top
Slim-fit dark brown chinos,Gray v-neck sweater
Loose-fit gray pants,Green polo shirt
Classic navy blue jeans,Blue and white striped t-shirt
Skinny-fit black chinos,White t-shirt
Tapered khaki cargo pants,Black hoodie
Relaxed-fit olive green sweatpants,Red and black checkered shirt
Slim-fit light gray chinos,Black button-up shirt
Loose-fit black pants,White t-shirt with graphic print
Classic brown dress pants,White and blue striped shirt
Skinny-fit navy blue chinos,Gray hoodie
Tapered dark wash jeans,White tank top
Slim-fit beige chinos,Green polo shirt
Loose-fit dark blue jeans,Gray crewneck sweatshirt
Tailored black dress pants,Black turtleneck sweater
Skinny-fit olive green chinos,Red and black plaid
Slim-fit beige chinos,Blue and white vertical striped shirt
Straight leg dark wash jeans,Black and grey graphic t-shirt
Navy blue dress pants,Light pink button-up shirt
Loose-fit khaki cargo pants,Green and blue plaid flannel shirt
Skinny-fit black jeans,Red and white striped polo shirt
Light grey tailored trousers,Black long-sleeved button-up shirt
Olive green cargo shorts,Light blue short-sleeved button-up shirt
White linen pants,Light green polo shirt
Slim-fit black chinos,White linen short-sleeved button-up shirt
Dark brown corduroy pants,Black and white checkered shirt
Navy blue joggers,White t-shirt with printed design
Slim-fit charcoal grey dress pants,Light purple button-up shirt
Tapered olive green chinos,Navy blue short-sleeved button-up shirt
Relaxed-fit light wash denim shorts,Red and white striped t-shirt
Straight leg black dress pants,Light blue and white gingham shirt
Skinny-fit grey chinos,Black short-sleeved button-up shirt
Loose-fit tan cargo pants,Blue and white plaid shirt
Dark wash denim jacket,White t-shirt with printed design
Slim-fit dark grey trousers,Green long-sleeved button-up shirt
White denim shorts,Black and white striped tank top
Slim-fit navy blue chinos,Light blue short-sleeved button-up shirt
Tapered light grey chinos,Black and white checkered button-up shirt
Classic black dress pants,White and black checkered button-up shirt
Slim-fit beige chinos,Light pink short-sleeved button-up shirt
Relaxed-fit blue cargo pants,Green and blue striped polo shirt
Straight leg khaki chinos,Red and white checkered shirt
Skinny-fit dark wash jeans,Black long-sleeved t-shirt
Loose-fit grey joggers,Light blue and white striped t-shirt
Olive green cargo pants,Navy blue short-sleeved button-up shirt
Tapered light wash jeans,Green and white checkered shirt
Slim-fit black chinos,White short-sleeved button-up shirt
Straight leg beige dress pants,Blue and white checkered button-up shirt
Navy blue cargo shorts,Black and white graphic t-shirt
Slim-fit dark brown chinos,Light blue and white striped button-up shirt
Loose-fit black cargo pants,Red and white striped t-shirt
Classic navy blue dress pants,Light pink short-sleeved button-up shirt
Skinny-fit khaki chinos,Black and white checkered shirt
Light wash denim jacket,Plain white t-shirt
Tapered olive green chinos,Blue and white striped button-up shirt
Relaxed-fit navy blue chinos,Green and white checkered shirt
Slim-fit charcoal grey dress pants,Light blue short-sleeved button-up shirt
Straight leg light grey trousers,Black and white checkered button-up shirt
Loose-fit dark wash denim shorts,Red and white checkered shirt
Olive green cargo pants,Black and grey graphic t-shirt
Tapered beige chinos,White and blue checkered button-up shirt
Slim-fit black jeans,Green and white checkered button-up shirt
Dark brown corduroy pants,Light blue and white striped button-up shirt
Navy blue joggers,Red and white checkered shirt
Slim-fit navy blue trousers,White and blue checkered shirt
Loose-fitting beige cargo pants,Black t-shirt with graphic print
Classic black dress pants,Light blue button-up shirt
Skinny-fit grey joggers,Black hoodie
Khaki chino pants,Green polo shirt
Tailored dark brown dress pants,Striped blue and white oxford shirt
Relaxed-fit denim jeans,Plain white t-shirt
Slim-fit olive green chinos,Black leather jacket
Tapered light wash jeans,Red and black plaid flannel shirt
Slim-fit black trousers,Blue denim jacket
Baggy cargo pants,Gray crewneck sweatshirt
Navy blue chinos,White v-neck t-shirt
Skinny-fit khaki pants,Black and white checkered shirt
Dark wash denim jeans,White graphic t-shirt
Tan dress pants,Black blazer
Black sweatpants,Gray hoodie
Light gray chinos,Navy blue polo shirt
Slim-fit charcoal pants,Dark green sweater
Loose-fitting olive green cargo pants,Black tank top
Navy blue dress pants,Gray button-up shirt
Black jeans,White t-shirt with logo
Slim-fit beige chinos,Light blue denim shirt
Relaxed-fit dark wash jeans,White crewneck sweatshirt
Khaki cargo pants,Black t-shirt
Skinny-fit gray joggers,Black and white striped hoodie
Light brown chinos,Green sweater
Slim-fit black jeans,Red plaid button-up shirt
Dark gray dress pants,Black turtleneck sweater
Tapered light wash jeans,Gray hoodie
Tan cargo pants,White tank top
Slim-fit navy blue chinos,Red polo shirt
Classic black dress pants,Light gray button-up shirt
Loose-fitting gray cargo pants,Black t-shirt
Slim-fit khaki pants,Blue checkered shirt
Dark wash denim jeans,White polo shirt
Tailored beige dress pants,Light blue blazer
Relaxed-fit olive green pants,Gray sweatshirt
Slim-fit black trousers,White dress shirt
Light blue chinos,Navy blue polo shirt
Black jeans,Gray graphic t-shirt
Slim-fit charcoal pants,Red and black flannel shirt
Dark wash denim jeans,Black crewneck sweatshirt
Tan dress pants,Blue button-up shirt
Skinny-fit gray joggers,Black hoodie
Khaki cargo pants,Green polo shirt
Slim-fit beige chinos,White and black striped shirt
Navy blue dress pants,Black blazer
Loose-fitting olive green cargo pants,White tank top
Tapered light wash jeans,Black denim jacket
Light gray chinos,Gray crewneck sweatshirt
Slim-fit black jeans,Green plaid button-up shirt
Dark gray dress pants,White dress shirt
Relaxed-fit dark wash jeans,Gray hoodie
Slim-fit navy blue chinos,Black and white checkered shirt
Classic black dress pants,White button-up shirt
Loose-fitting gray cargo pants,White t-shirt
Skinny-fit khaki pants,Black polo shirt
Dark wash denim jeans,Black graphic t-shirt
Tailored beige dress pants,Navy blue blazer
Slim-fit olive green chinos,White turtleneck sweater
Khaki cargo pants,Red and black flannel shirt
Light blue chinos,Gray polo shirt
Black jeans,Black leather jacket
Tapered light wash jeans,Gray crewneck sweatshirt
Tan dress pants,Green sweater
Slim-fit beige chinos,Red polo shirt
Relaxed-fit olive green pants,Blue denim jacket
Dark gray dress pants,Black dress shirt
Slim-fit charcoal pants,Light blue button-up shirt
Loose-fit khaki cargo pants,White short-sleeve linen shirt
Slim-fit navy blue chinos,Light pink polo shirt
Classic black suit pants,White dress shirt
Relaxed-fit light wash jeans,Black and white striped t-shirt
Skinny-fit grey sweatpants,Black long-sleeve crewneck shirt
Beige dress pants,Dark green button-up shirt
Olive green cargo pants,Black hoodie
Light blue chino shorts,White and blue plaid button-up shirt
Dark wash denim jeans,Red graphic t-shirt
Black suit pants,Light blue dress shirt
Light grey sweatpants,White long-sleeve crewneck shirt
Navy blue chino pants,Red polo shirt
Slim-fit black dress pants,Light grey button-up shirt
Loose-fit olive green cargo pants,Black tank top
Beige chino shorts,Blue and white striped t-shirt
Tapered light wash jeans,Black hoodie
Classic grey dress pants,White dress shirt
Slim-fit black chinos,Light blue polo shirt
Relaxed-fit dark wash jeans,Red and black flannel shirt
Light brown cargo pants,Dark green hoodie
Skinny-fit black dress pants,White button-up shirt
Loose-fit beige cargo pants,Black tank top
Slim-fit navy blue chino shorts,Light pink button-up shirt
Dark wash denim shorts,White t-shirt with graphic print
Classic black suit pants,Light pink dress shirt
Slim-fit grey joggers,Black and white striped t-shirt
Khaki chino pants,Light blue polo shirt
Tailored navy blue dress pants,White dress shirt
Relaxed-fit light wash denim shorts,Red and black flannel shirt
Slim-fit olive green chinos,Black polo shirt
Tapered dark wash denim jeans,Green crewneck sweatshirt
Loose-fit beige cargo shorts,Blue and white striped t-shirt
Classic grey dress pants,Light blue dress shirt
Slim-fit black chinos,Red polo shirt
Skinny-fit dark wash denim jeans,Black long-sleeve crewneck shirt
Light brown chino pants,Black and white plaid button-up shirt
Slim-fit olive green cargo pants,White t-shirt with graphic print
Tapered light wash denim shorts,Green crewneck sweatshirt
Loose-fit khaki cargo pants,Blue polo shirt
Slim-fit navy blue chinos,Red and black flannel shirt
Classic black suit pants,White dress shirt
Relaxed-fit dark wash jeans,Black hoodie
Skinny-fit grey joggers,White long-sleeve crewneck shirt
Beige dress pants,Light blue button-up shirt
Olive green cargo pants,Red and black plaid flannel shirt
Light blue chino shorts,Black t-shirt with graphic print
Dark wash denim jeans,White button-up shirt
Black suit pants,Light pink dress shirt
Light grey sweatpants,Black long-sleeve crewneck shirt
Navy blue chino pants,White and blue checkered shirt
Slim-fit black dress pants,Dark green button-up shirt
Loose-fit olive green cargo pants,Red and black graphic t-shirt
Beige chino shorts,Green crewneck sweatshirt
Tapered light wash jeans,White and blue plaid button-up shirt
Classic grey dress pants,Light pink dress shirt
Slim-fit black chinos,Blue polo shirt
Relaxed-fit dark wash jeans,White t-shirt with graphic print
Light brown cargo pants,Black and white striped t-shirt
Skinny-fit black dress pants,Dark blue button-up shirt
Loose-fit beige cargo pants,Green crewneck sweatshirt
Slim-fit navy blue chino shorts,Red polo
Relaxed-fit khaki chinos,Gray crew neck sweater
Navy blue joggers,Black and white striped t-shirt
Slim-fit black dress pants,Light pink button-up shirt
Loose-fitting olive green cargo pants,White tank top
Dark wash straight-leg jeans,Blue denim jacket
Classic grey dress pants,Black turtleneck sweater
Tapered beige chinos,Dark green plaid button-up shirt
Skinny-fit black jeans,Red and white baseball tee
Light grey linen pants,White linen button-up shirt
Slim-fit black dress pants,Dark red polo shirt
Loose-fitting tan cargo pants,Black henley shirt
Tapered charcoal grey chinos,Black and white houndstooth button-up shirt
Relaxed-fit blue denim jeans,Light blue denim jacket
Slim-fit olive green chinos,Light grey henley shirt
Classic navy blue dress pants,White dress shirt
Black joggers,Blue and white striped long sleeve shirt
Tapered light wash jeans,Green and white plaid button-up shirt
Dark brown chino pants,White crew neck t-shirt
Slim-fit black dress pants,Black button-up shirt
Loose-fitting khaki cargo pants,Green camo t-shirt
Slim-fit grey dress pants,White and blue striped button-up shirt
Relaxed-fit beige chinos,Black and white striped t-shirt
Dark wash straight-leg jeans,Light grey sweater
Skinny-fit black jeans,White graphic t-shirt
Tapered olive green chinos,Black polo shirt
Classic grey dress pants,Blue dress shirt
Slim-fit black dress pants,Light blue dress shirt
Loose-fitting black cargo pants,Red and black plaid flannel shirt
Slim-fit navy blue chinos,Dark green polo shirt
Light wash straight-leg jeans,Light blue denim jacket
Tailored charcoal grey dress pants,White dress shirt
Tapered khaki chinos,Dark brown polo shirt
Relaxed-fit blue denim jeans,Light grey graphic t-shirt
Slim-fit black dress pants,White dress shirt
Loose-fitting olive green cargo pants,Black and white graphic t-shirt
Dark brown chino pants,Dark green button-up shirt
Tapered beige chinos,White polo shirt
Slim-fit grey dress pants,Black turtleneck sweater
Loose-fitting black cargo pants,Red hoodie
Classic navy blue dress pants,Light blue button-up shirt
Skinny-fit black jeans,White dress shirt
Relaxed-fit khaki chinos,Blue denim jacket
Dark wash straight-leg jeans,White graphic t-shirt
Tapered olive green chinos,Black and white plaid button-up shirt
Slim-fit black dress pants,Light grey dress shirt
Loose-fitting tan cargo pants,Black graphic t-shirt
Slim-fit navy blue chinos,Green polo shirt
Light wash straight-leg jeans,Blue and white striped long sleeve shirt
Tapered charcoal grey chinos,Dark red polo shirt
Relaxed-fit blue denim jeans,Black and white graphic t-shirt
Slim-fit black dress pants,Dark blue dress shirt
Loose-fitting beige cargo pants,Black and white striped t-shirt
Classic black dress pants,White dress shirt
Skinny-fit grey joggers,Black and white graphic t-shirt
Khaki chino pants,Dark green button-up shirt
Tailored dark brown dress pants,Light blue dress shirt
Relaxed-fit denim jeans,Black leather jacket
Slim-fit olive green chinos,Red polo shirt
Tapered light wash jeans,White graphic t-shirt
Loose-fitting khaki cargo pants,Green polo shirt
Slim-fit grey dress pants,Black button-up shirt
Tapered black dress pants,Light pink button-up shirt
Loose-fitting grey sweatpants,Black crewneck sweatshirt
Slim-fit tan chinos,Navy blue polo shirt
Relaxed-fit dark wash jeans,White t-shirt with pocket
Skinny-fit burgundy corduroy pants,Denim chambray shirt
Tailored navy blue dress pants,Gray herringbone patterned dress shirt
Slim-fit khaki chinos,Black turtleneck sweater
Tapered charcoal gray dress pants,Light purple dress shirt
Straight-leg medium wash jeans,Heather gray v-neck t-shirt
Classic brown corduroy pants,White long-sleeve Henley shirt
Loose-fitting black cargo pants,Red plaid flannel shirt
Slim-fit light gray chinos,Navy blue blazer and white dress shirt
Skinny-fit black dress pants,Gray crewneck sweater
Relaxed-fit dark blue denim jeans,Black t-shirt with white print
Tailored maroon dress pants,White dress shirt with French cuffs
Loose-fitting olive green cargo pants,Gray sweatshirt with hood
Slim-fit light blue chinos,Black polo shirt
Tapered medium wash jeans,Red and white striped t-shirt
Classic navy blue dress pants,Light yellow dress shirt
Straight-leg khaki pants,Gray cardigan sweater
Loose-fitting black sweatpants,White hoodie
Slim-fit charcoal gray dress pants,Blue gingham button-up shirt
Skinny-fit dark wash jeans,Black leather jacket
Relaxed-fit beige chinos,Black crewneck sweater
Tailored black dress pants,White dress shirt with black buttons
Slim-fit forest green chinos,Gray sweatshirt with black logo
Tapered dark wash jeans,Light blue chambray shirt
Classic gray dress pants,Navy blue blazer and light blue dress shirt
Straight-leg olive green pants,Black turtleneck sweater
Loose-fitting dark blue denim jeans,Gray t-shirt with pocket
Slim-fit brown chinos,Black and white striped t-shirt
Skinny-fit black dress pants,Black and white checkered dress shirt
Relaxed-fit light wash jeans,White tank top
Tailored navy blue pinstripe dress pants,White dress shirt with spread collar
Slim-fit beige chinos,Navy blue polo shirt
Tapered black denim jeans,Gray crewneck sweatshirt
Classic khaki dress pants,Light pink button-up shirt
Straight-leg navy blue pants,White t-shirt with graphic print
Loose-fitting tan cargo pants,Black hoodie
Slim-fit dark gray chinos,White and black striped t-shirt
Skinny-fit dark green dress pants,Gray turtleneck sweater
Relaxed-fit medium wash jeans,Blue and white plaid flannel shirt
Tailored maroon corduroy pants,Black long-sleeve Henley shirt
Slim-fit black dress pants,White dress shirt with French cuffs
Tapered olive green chinos,Light gray dress shirt
Classic charcoal gray dress pants,Navy blue blazer and white dress shirt
Straight-leg beige chinos,Gray sweater with V-neck
Loose-fitting black cargo pants,Red hoodie
Slim-fit dark blue denim jeans,Black t-shirt with white print
Skinny-fit light gray dress pants,White button-up shirt with black buttons
Relaxed-fit tan chinos,Heather gray crewneck sweater
Tailored navy blue dress pants,White dress shirt with blue stripes
Slim-fit black chinos,Gray turtleneck sweater
Tapered dark wash jeans,Blue and white striped dress shirt
Classic olive green corduroy pants,White long-sleeve Henley shirt
Straight-leg gray dress pants,Light blue dress shirt
Slim-fit charcoal grey chinos,Light pink button-up shirt
Loose-fitting black cargo pants,Navy blue long-sleeved t-shirt
Classic beige dress pants,Striped white and blue dress shirt
Skinny-fit black jeans,Red crewneck sweatshirt
Khaki joggers,Dark green polo shirt
Tailored navy blue dress pants,Light grey dress shirt
Relaxed-fit light wash denim jeans,White graphic t-shirt
Slim-fit olive green cargo pants,Black and white striped long-sleeved shirt
Tapered black dress pants,Light blue dress shirt
Slim-fit dark blue chinos,Black and white plaid button-up shirt
Loose-fitting olive green cargo pants,Black tank top
Classic dark grey dress pants,Black button-up shirt
Skinny-fit light wash jeans,Red and white striped t-shirt
Khaki cargo pants,White t-shirt with black graphic print
Tailored black dress pants,Light pink dress shirt
Relaxed-fit blue denim jeans,Black and white striped t-shirt
Slim-fit black chinos,Red plaid button-up shirt
Tapered khaki dress pants,Dark blue dress shirt
Slim-fit beige chinos,Green and white striped polo shirt
Loose-fitting grey cargo pants,Black and white t-shirt with graphic print
Classic navy blue dress pants,White dress shirt
Skinny-fit dark wash jeans,Green hoodie
Khaki joggers,White polo shirt
Tailored grey dress pants,Black and white striped dress shirt
Relaxed-fit black denim jeans,Red and black flannel shirt
Slim-fit light blue chinos,Navy blue and white checkered shirt
Tapered olive green dress pants,White dress shirt
Slim-fit black jeans,Light grey sweater
Loose-fitting dark blue cargo pants,Black tank top
Classic charcoal grey dress pants,Blue button-up shirt
Skinny-fit olive green jeans,White t-shirt with black graphic print
Khaki cargo pants,Red polo shirt
Tailored light grey dress pants,Navy blue dress shirt
Relaxed-fit black denim jeans,Light blue denim jacket
Slim-fit beige chinos,Dark blue polo shirt
Tapered black dress pants,White dress shirt
Slim-fit navy blue chinos,Black and white striped t-shirt
Loose-fitting brown cargo pants,Green and white checkered shirt
Classic black dress pants,Light grey dress shirt
Skinny-fit light wash jeans,Black and white graphic t-shirt
Khaki joggers,Red polo shirt
Tailored navy blue dress pants,White dress shirt
Relaxed-fit dark wash denim jeans,Navy blue hoodie
Slim-fit olive green cargo pants,White and navy blue striped t-shirt
Tapered black dress pants,Light pink dress shirt
Slim-fit charcoal grey chinos,Green and white striped polo shirt
Loose-fitting black cargo pants,Black and white striped t-shirt
Classic beige dress pants,Dark blue dress shirt
Skinny-fit black jeans,Black turtleneck sweater
Khaki cargo pants,White and navy blue checkered shirt
Tailored navy blue dress pants,Black and white striped dress shirt
Relaxed-fit light wash denim jeans,Red graphic t-shirt
Slim-fit olive green cargo pants,Dark grey long-sleeved t-shirt
Tapered grey dress pants,Light blue dress shirt
Slim-fit dark blue chinos,White polo shirt
Loose-fitting olive green cargo pants,Red t-shirt with black graphic print
Classic dark grey dress pants,White and navy blue striped dress shirt
Skinny-fit light wash jeans,Light grey hoodie
Khaki joggers,Blue polo shirt
Straight-leg black jeans,White graphic t-shirt
Navy blue cargo pants,Black long-sleeve Henley shirt
Slim-fit charcoal gray trousers,Light blue button-down shirt
Dark wash denim jeans,Green and white plaid flannel shirt
Light khaki cargo pants,Red polo shirt
Loose-fit light wash denim jeans,Black crew-neck sweater
Slim-fit olive green chinos,White oxford shirt
Navy blue jogger pants,Gray hoodie
Classic blue jeans,Black leather jacket
Gray wool dress pants,Navy blue sweater
Black joggers,Gray t-shirt
Brown chino pants,Striped polo shirt
Dark wash denim jeans,Gray and black striped sweater
Slim-fit black trousers,White dress shirt
Olive green cargo pants,Blue t-shirt
Light wash denim jeans,Gray hoodie
Navy blue dress pants,Pink button-down shirt
Black skinny jeans,Red plaid flannel shirt
Gray jogger pants,White graphic t-shirt
Dark brown chinos,Navy blue crew-neck sweater
Black dress pants,White oxford shirt
Beige cargo pants,Blue and white striped t-shirt
Dark wash denim jeans,Black hoodie
Slim-fit charcoal gray trousers,White button-down shirt
Olive green jogger pants,Black t-shirt
Light blue chino pants,Green polo shirt
Navy blue denim jeans,White graphic t-shirt
Black dress pants,Blue button-down shirt
Slim-fit khaki chinos,Gray sweater
Light wash denim jeans,Green and white striped t-shirt
Dark gray cargo pants,Black long-sleeve Henley shirt
Gray wool dress pants,Black crew-neck sweater
Skinny-fit black jeans,Gray hoodie
Khaki cargo pants,White t-shirt
Black dress pants,Gray button-down shirt
Loose-fit light wash denim jeans,Green crew-neck sweater
Slim-fit navy blue trousers,Red polo shirt
Olive green chino pants,Blue t-shirt
Dark wash denim jeans,Black leather jacket
Light gray jogger pants,Black graphic t-shirt
Black trousers,Gray sweater
Dark wash denim jeans,White and blue checkered shirt
Slim-fit charcoal gray trousers,Navy blue crew-neck sweater
Khaki cargo pants,Gray Henley shirt
Classic blue jeans,Green and white striped t-shirt
Gray jogger pants,Black t-shirt
Olive green chino pants,Gray polo shirt
Black dress pants,Black turtleneck sweater
Light wash denim jeans,Red and black plaid flannel shirt
Slim-fit navy blue trousers,White button-down shirt
Gray wool dress pants,Navy blue turtleneck sweater
Dark wash denim jeans,Gray crew-neck sweater
Slim-fit khaki chinos,Striped polo shirt
Black joggers,Black and white graphic t-shirt
Navy blue dress pants,White oxford shirt
Brown chino pants,Red and black plaid flannel shirt
Slim-fit black trousers,Light blue button-down shirt
Light khaki cargo pants,Gray t-shirt
Olive green cargo pants,White graphic t-shirt
Dark wash denim jeans,Red and black plaid flannel shirt
Skinny-fit black jeans,Black crew-neck sweater
Light blue chino pants,Black t-shirt
Black dress pants,Gray and black striped sweater
Gray jogger pants,Blue and white striped t-shirt
Slim-fit charcoal gray trousers,White t-shirt
Navy blue denim jeans,Green crew-neck sweater
Beige cargo pants,Black long-sleeve Henley shirt
Olive green jogger pants,Gray hoodie
Dark wash denim jeans,Blue and white striped t-shirt
Relaxed-fit beige cargo pants,Forest green t-shirt
Black skinny jeans,Gray and white striped long sleeve shirt
Navy blue chinos,Yellow polo shirt
Olive green cargo pants,Black short-sleeve button-up shirt
Light wash distressed jeans,White crewneck t-shirt
Black leather pants,Gray hoodie
Dark gray slim-fit dress pants,Light purple dress shirt
Tan chinos,Dark green flannel shirt
Black joggers,Gray crewneck sweatshirt
Loose-fitting khaki cargo pants,Orange t-shirt
Navy blue tailored trousers,White and navy blue striped shirt
Dark wash straight-leg jeans,Black turtleneck sweater
Olive green chinos,Blue and white checkered button-up shirt
Gray sweatpants,Black tank top
Black leather leggings,White oversized t-shirt
Charcoal gray chinos,Navy blue polo shirt
Light wash distressed denim shorts,Red and white striped t-shirt
Slim-fit charcoal gray suit pants,Light blue dress shirt with white collar
Khaki cargo shorts,Black short-sleeve Henley shirt
Dark wash skinny jeans,Gray graphic print t-shirt
Navy blue tailored dress pants,White dress shirt
Gray jogger pants,Black zip-up hoodie
Black leather motorcycle pants,Black graphic print t-shirt
Tan chinos,Blue and white striped button-up shirt
Light wash slim-fit denim shorts,Black t-shirt
Olive green cargo shorts,White short-sleeve button-up shirt
Black tailored trousers,Gray dress shirt
Navy blue chinos,Red polo shirt
Dark wash straight-leg jeans,White button-up shirt
Charcoal gray sweatpants,Gray hoodie
Khaki cargo pants,Black long sleeve t-shirt
Light wash distressed denim jeans,Black and white checkered button-up shirt
Black leather joggers,Black hoodie
Gray slim-fit dress pants,Pink dress shirt
Navy blue tailored shorts,Light blue button-up shirt
Olive green chinos,Black polo shirt
Dark wash slim-fit jeans,White t-shirt
Tan cargo pants,Green long sleeve t-shirt
Light wash distressed denim jacket,White tank top
Black leather leggings,Black turtleneck sweater
Charcoal gray chinos,Light blue polo shirt
Khaki tailored shorts,Gray crewneck sweatshirt
Navy blue tailored trousers,Light purple dress shirt
Dark wash straight-leg jeans,Red and black plaid flannel shirt
Olive green cargo pants,Black t-shirt
Gray jogger pants,White graphic print t-shirt
Black leather motorcycle pants,Gray short-sleeve button-up shirt
Tan chinos,Blue polo shirt
Light wash slim-fit denim shorts,Black tank top
Charcoal gray sweatpants,White hoodie
Khaki cargo shorts,Gray short-sleeve Henley shirt
Navy blue tailored dress pants,Light blue button-up shirt
Dark wash skinny jeans,Black and white striped long sleeve shirt
Black leather joggers,Gray t-shirt
Olive green chinos,Black and white checkered button-up shirt
Gray slim-fit dress pants,Light pink dress shirt
Tan cargo shorts,Green t-shirt
Light wash distressed denim jeans,White and navy blue striped shirt
Black tailored trousers,Black dress shirt
Navy blue chinos,Gray polo shirt
Dark wash straight-leg jeans,Light blue button-up shirt
Charcoal gray chinos,Black polo shirt
Khaki cargo pants,Blue long sleeve t-shirt
Light wash distressed denim jacket,Black tank top
Black leather leggings,Gray oversized t-shirt
Olive green cargo shorts,Black short-sleeve button-up shirt
Gray jogger pants,Black hoodie
Navy blue tailored shorts,White dress shirt
Dark wash slim-fit jeans,Gray graphic print t-shirt
Tan chinos,White and blue checkered button-up shirt
Light wash slim-fit denim shorts,Black and white striped t-shirt
Black leather motorcycle pants,White t-shirt
Charcoal gray sweatpants,Black crewneck sweatshirt
Khaki tailored shorts,Black short-sleeve Henley shirt
Navy blue tailored trousers,Light gray dress shirt
Dark wash skinny jeans,Black turtleneck sweater
Light gray chinos,Light blue dress shirt
Charcoal gray cargo pants,White tank top
Slim-fit black dress pants,Red and black plaid button-up shirt
Khaki cargo shorts,Navy blue polo shirt
Navy blue suit pants,White dress shirt
Light wash denim shorts,Green and white striped t-shirt
Tan suit pants,Light pink dress shirt
Black chinos,Dark gray henley shirt
Olive green cargo shorts,Black v-neck t-shirt
Gray joggers,Black zip-up hoodie
Black dress shorts,White short-sleeve button-up shirt
Dark wash bootcut jeans,Red and white plaid flannel shirt
Slim-fit charcoal gray chinos,Navy blue polo shirt
Dark blue suit pants,Light gray dress shirt
Loose-fitting tan cargo pants,Dark green t-shirt
Light wash distressed denim shorts,Black tank top
Black leather joggers,Gray crewneck sweatshirt
Skinny-fit olive green chinos,Black and white striped long sleeve shirt
Classic black dress pants,White button-up shirt
Dark gray cargo shorts,Light blue polo shirt
Slim-fit navy blue suit pants,Light pink dress shirt
Beige chinos,Black short-sleeve button-up shirt
Relaxed-fit dark wash jeans,Gray and white striped t-shirt
Tan cargo shorts,Forest green polo shirt
Charcoal gray dress shorts,Light purple dress shirt
Light wash skinny jeans,Black crewneck t-shirt
Black leather dress pants,White dress shirt
Olive green chinos,Dark green flannel shirt
Slim-fit black dress shorts,Red and black plaid button-up shirt
Navy blue cargo pants,White crewneck t-shirt
Dark blue chinos,Yellow polo shirt
Khaki cargo pants,Gray hoodie
Light wash denim jeans,Green and white striped t-shirt
Black chino shorts,Dark gray henley shirt
Gray suit pants,Black v-neck t-shirt
Slim-fit olive green cargo pants,Light blue dress shirt
Dark wash straight-leg jeans,Red and white plaid flannel shirt
Charcoal gray cargo shorts,Navy blue polo shirt
Black leather slim-fit pants,Gray and white striped long sleeve shirt
Light gray chinos,White tank top
Tan cargo pants,Black short-sleeve button-up shirt
Slim-fit navy blue dress pants,Light pink button-up shirt
Olive green cargo shorts,Black turtleneck sweater
Dark blue suit pants,Light gray dress shirt
Light wash distressed denim shorts,Dark green t-shirt
Black joggers,White short-sleeve button-up shirt
Slim-fit charcoal gray chinos,Forest green t-shirt
Dark gray henley shirt,Light blue polo shirt
Loose-fitting tan cargo shorts,Black zip-up hoodie
Classic black dress shorts,Navy blue polo shirt
Dark wash bootcut jeans,Gray crewneck sweatshirt
Beige chinos,Light purple dress shirt
Slim-fit olive green chinos,Dark gray cargo shorts
Light wash skinny jeans,Black and white striped long sleeve shirt
Tan suit pants,Red and black plaid button-up shirt
Black leather joggers,White crewneck t-shirt
Khaki cargo shorts,Green and white striped t-shirt
Light wash denim shorts,Black tank top
Charcoal gray dress pants,Light blue dress shirt
Black chinos,Dark green flannel shirt
Navy blue cargo shorts,White button-up shirt
Dark wash straight-leg jeans,Gray hoodie
Slim-fit black dress pants,Dark gray henley shirt
Olive green chinos,Black short-sleeve button-up shirt
Dark blue chinos,Forest green polo shirt
Light gray cargo shorts,Red and white plaid
Slim-fit charcoal gray dress pants,Light pink button-up shirt
Relaxed-fit beige cargo pants,Forest green t-shirt
Black skinny jeans,Gray and white striped long sleeve shirt
Navy blue chinos,Yellow polo shirt
Olive green cargo pants,Black short-sleeve button-up shirt
Light wash distressed jeans,White crewneck t-shirt
Black leather pants,Gray hoodie
Dark gray slim-fit dress pants,Light purple dress shirt
Tan chinos,Dark green flannel shirt
Black joggers,Gray crewneck sweatshirt
Khaki cargo pants,White henley shirt
Gray joggers,Black tank top
Slim-fit navy blue dress pants,Pink and white striped dress shirt
Loose-fitting black cargo pants,Black t-shirt with white lettering
Classic dark blue dress pants,Light blue checkered button-up shirt
Skinny-fit black jeans,Black turtleneck
Beige chino pants,Blue and white striped polo shirt
Tailored black dress pants,White button-up shirt with black accents
Relaxed-fit light wash jeans,Gray crewneck sweatshirt
Slim-fit olive green dress pants,Navy blue dress shirt
Tapered dark wash jeans,Red long sleeve shirt
Brown cargo pants,Black short sleeve shirt
Slim-fit black dress pants,Gray blazer and white dress shirt
Loose-fitting khaki cargo pants,Green t-shirt
Classic light gray dress pants,White dress shirt with black polka dots
Skinny-fit dark wash jeans,Gray hoodie
Beige chino pants,Light blue polo shirt
Tailored navy blue dress pants,White button-up shirt
Relaxed-fit black jeans,Gray and black long sleeve shirt
Slim-fit charcoal gray chinos,Black leather jacket
Tapered light wash jeans,Red and black striped polo shirt
Khaki cargo pants,Gray short-sleeve button-up shirt
Gray joggers,Black and white graphic t-shirt
Slim-fit black dress pants,White dress shirt
Loose-fitting beige cargo pants,Gray crewneck sweatshirt
Classic black dress pants,White button-up shirt
Skinny-fit dark wash jeans,White t-shirt with black lettering
Navy blue chino pants,Pink polo shirt
Tailored light gray dress pants,Black dress shirt
Relaxed-fit khaki cargo pants,Green and white striped t-shirt
Slim-fit black jeans,Gray v-neck sweater
Tapered dark wash jeans,Black and gray plaid flannel shirt
Brown cargo pants,White t-shirt
Slim-fit navy blue dress pants,White button-up shirt with black accents
Loose-fitting black cargo pants,Gray hoodie
Classic dark blue dress pants,Light blue button-up shirt
Skinny-fit black jeans,Black crewneck sweatshirt
Beige chino pants,Green and white checkered button-up shirt
Tailored black dress pants,White dress shirt
Relaxed-fit light wash jeans,Gray t-shirt
Slim-fit olive green chinos,Black turtleneck
Tapered dark wash jeans,White button-up shirt
Khaki cargo pants,Red polo shirt
Gray joggers,Black hoodie
Slim-fit black dress pants,Light blue button-up shirt
Loose-fitting khaki cargo pants,Black t-shirt with graphic print
Classic light gray dress pants,White dress shirt
Skinny-fit dark wash jeans,Gray and black hoodie
Beige chino pants,Blue polo shirt
Tailored navy blue dress pants,Black dress shirt
Relaxed-fit black jeans,Gray long sleeve shirt
Slim-fit charcoal gray chinos,White button-up shirt
Tapered light wash jeans,Black t-shirt
Brown cargo pants,Green and white checkered button-up shirt
Slim-fit charcoal gray dress pants,Light pink button-up shirt
Relaxed-fit beige cargo pants,Forest green t-shirt
Black skinny jeans,Gray and white striped long sleeve shirt
Navy blue chinos,Yellow polo shirt
Olive green cargo pants,Black short-sleeve button-up shirt
Light wash distressed jeans,White crewneck t-shirt
Black leather pants,Gray hoodie
Dark gray slim-fit dress pants,Light purple dress shirt
Tan chinos,Dark green flannel shirt
Black joggers,Gray crewneck sweatshirt
Slim-fit dark blue jeans,Light blue denim shirt
Loose-fitting gray sweatpants,Black long sleeve t-shirt
Classic black dress pants,White button-up shirt
Slim-fit khaki chinos,Gray v-neck sweater
Light blue jeans,Black graphic t-shirt
Skinny-fit black pants,White collared shirt
Beige chinos,Blue and white striped polo shirt
Slim-fit black jeans,Red plaid flannel shirt
Olive green joggers,Black tank top
Dark wash straight-leg jeans,Light green crewneck sweatshirt
Slim-fit dark brown dress pants,Light blue dress shirt
Loose-fit black sweatpants,Gray hoodie
Skinny-fit navy blue chinos,White t-shirt with black graphic print
Relaxed-fit olive green cargo pants,Dark brown henley shirt
Tapered light blue jeans,Red and black plaid button-up shirt
Classic black trousers,Gray long-sleeve shirt
Slim-fit charcoal gray chinos,White polo shirt
Khaki cargo pants,Light yellow crewneck sweatshirt
Black leather pants,White button-up shirt
Dark wash denim jeans,Black t-shirt with white print
Slim-fit beige chinos,Blue and white striped long-sleeve shirt
Navy blue tailored trousers,Light pink button-up shirt
Skinny-fit black jeans,Red crewneck sweatshirt
Gray joggers,Black and white striped t-shirt
Loose-fit light brown cargo pants,Green t-shirt
Light wash denim shorts,White tank top
Black dress pants,White dress shirt
Slim-fit dark green chinos,Gray crewneck sweatshirt
Khaki pants,Light blue polo shirt
Relaxed-fit dark wash jeans,Gray and black checkered button-up shirt
Slim-fit black dress pants,Light purple dress shirt
Loose-fit beige cargo pants,Light green t-shirt
Dark wash denim shorts,Black and white striped tank top
Skinny-fit olive green chinos,Gray t-shirt
Slim-fit navy blue dress pants,White dress shirt
Black cargo pants,Gray hoodie
Tapered light wash jeans,Black and white striped long-sleeve shirt
Classic gray dress pants,White dress shirt
Slim-fit tan chinos,Light blue polo shirt
Loose-fit olive green cargo pants,White t-shirt with black print
Black leather joggers,Gray crewneck sweatshirt
Dark blue denim shorts,Light blue tank top
Slim-fit dark gray chinos,Black polo shirt
Khaki cargo shorts,Green t-shirt
Relaxed-fit black sweatpants,White hoodie
Slim-fit charcoal gray dress pants,White button-up shirt
Loose-fit navy blue cargo pants,Gray long-sleeve shirt
Skinny-fit light wash jeans,Red and white striped t-shirt
Olive green chinos,Gray hoodie
Black dress shorts,White dress shirt
Slim-fit beige cargo pants,Light blue t-shirt
Navy blue tailored shorts,Light pink polo shirt
Dark gray joggers,Black t-shirt
Slim-fit black chinos,Dark gray crewneck sweatshirt
Khaki cargo shorts,Light green button-up shirt
Relaxed-fit dark wash denim jeans,Blue and white checkered button-up shirt
Slim-fit olive green dress pants,Light blue dress shirt
Loose-fit black cargo pants,Gray t-shirt
Skinny-fit navy blue chinos,White and gray striped polo shirt
Tapered light blue denim shorts,Red crewneck sweatshirt
Classic black dress pants,White button-up shirt
Slim-fit charcoal gray chinos,Black and white checkered button-up shirt
Khaki cargo pants,Light gray crewneck sweatshirt
Black leather shorts,Gray hoodie
Dark wash denim jeans,White t-shirt with black graphic print
Slim-fit beige chinos,Gray long-sleeve shirt
Navy blue tailored pants,Light purple dress shirt
Skinny-fit black jeans,Green crewneck sweatshirt
Gray joggers,Black t-shirt with white print
Loose-fit light brown cargo shorts,White tank top
Light wash denim jeans,Black and white striped long-sleeve shirt
Slim-fit dark green chinos,Light green polo shirt
Khaki pants,Dark blue button-up shirt
Relaxed-fit olive green cargo pants,White graphic t-shirt
Slim-fit black dress pants,Light blue polo shirt
Loose-fit khaki cargo pants,Black zip-up hoodie
Charcoal gray chinos,Dark red plaid flannel shirt
Slim-fit navy blue jeans,Light gray crewneck sweater
Tapered-fit black denim jeans,Black and white striped t-shirt
Tan cargo pants,Light yellow button-up shirt
Skinny-fit gray dress pants,White and black polka dot dress shirt
Light wash denim shorts,Red and white baseball tee
Slim-fit burgundy chinos,Gray long-sleeve t-shirt
Loose-fit dark gray cargo pants,Black turtleneck sweater
Black leather joggers,Gray crewneck sweatshirt
Navy blue slim-fit chinos,White short-sleeve button-up shirt
Light blue slim-fit dress pants,Navy blue polo shirt
Relaxed-fit beige cargo shorts,Dark green t-shirt
Slim-fit black jeans,Red and black flannel shirt
Dark brown chinos,Light blue dress shirt
Skinny-fit dark wash denim jeans,Gray graphic t-shirt
Black leather pants,White button-up shirt
Navy blue dress pants,Light purple dress shirt
Gray chinos,Black and white striped t-shirt
Light wash denim joggers,Black hoodie
Slim-fit olive green chinos,Gray crewneck sweater
Charcoal gray cargo pants,Light pink t-shirt
Slim-fit black dress pants,Light blue button-up shirt
Loose-fit khaki cargo shorts,Black and white graphic t-shirt
Navy blue chinos,Green polo shirt
Olive green cargo pants,Dark gray long-sleeve t-shirt
Tapered-fit light wash jeans,Red and black plaid flannel shirt
Tan chinos,Dark red polo shirt
Black joggers,Gray zip-up hoodie
Slim-fit gray dress pants,Light purple dress shirt
Relaxed-fit beige cargo pants,Black crewneck sweatshirt
Dark gray chinos,White and black striped t-shirt
Black leather pants,Gray long-sleeve shirt
Light wash denim shorts,White and black graphic t-shirt
Slim-fit burgundy chinos,Gray crewneck sweater
Navy blue slim-fit jeans,Light gray t-shirt
Tapered-fit black denim jeans,Light blue button-up shirt
Charcoal gray cargo shorts,White graphic t-shirt
Slim-fit black jeans,Green long-sleeve shirt
Dark brown chinos,Light pink polo shirt
Black leather joggers,Black and white striped t-shirt
Light blue slim-fit dress pants,Dark gray dress shirt
Relaxed-fit olive green cargo pants,Black zip-up hoodie
Slim-fit navy blue chinos,Light gray long-sleeve shirt
Loose-fit khaki cargo pants,Gray crewneck sweater
Navy blue dress pants,Light blue dress shirt
Slim-fit olive green chinos,Black long-sleeve shirt
Light wash denim joggers,White crewneck sweatshirt
Gray chinos,Red and black flannel shirt
Black joggers,Black graphic t-shirt
Tapered-fit light wash jeans,Green polo shirt
Olive green cargo shorts,Gray and white striped t-shirt
Tan chinos,Dark gray crewneck sweater
Dark gray slim-fit dress pants,Light blue button-up shirt
Slim-fit black dress pants,Light purple polo shirt
Black skinny jeans,Black and white graphic t-shirt
Navy blue chinos,Light yellow polo shirt
Tapered-fit black denim jeans,Gray short-sleeve button-up shirt
Slim-fit charcoal gray dress pants,Black and white polka dot dress shirt
Light wash distressed jeans,Red crewneck sweater
Slim-fit navy blue chinos,White henley shirt
Loose-fitting khaki cargo pants,Black long-sleeve thermal shirt
Tapered light wash jeans,Red plaid button-up shirt
Skinny-fit black leather pants,Gray v-neck sweater
Classic charcoal gray dress pants,Light blue checkered button-up shirt
Relaxed-fit olive green cargo pants,Black polo shirt
Slim-fit dark wash jeans,Light gray hoodie
Tailored navy blue dress pants,Striped pink and white oxford shirt
Beige chinos,Blue and white striped t-shirt
Slim-fit black joggers,Dark gray crewneck sweatshirt
Light gray tailored dress pants,Black short-sleeve button-up shirt
Dark wash denim jeans,Green plaid flannel shirt
Black leather skinny pants,White graphic t-shirt
Charcoal gray chinos,Blue sweater
Olive green slim-fit joggers,Black and white striped long sleeve shirt
Dark wash denim jeans,Gray hoodie
Slim-fit navy blue chinos,Black long-sleeve thermal shirt
Loose-fitting beige cargo pants,Red and black plaid flannel shirt
Skinny-fit black leather pants,White turtleneck sweater
Classic gray dress pants,Black and white striped button-up shirt
Relaxed-fit olive green cargo pants,Yellow polo shirt
Tapered black jeans,Gray crewneck sweatshirt
Slim-fit dark brown chinos,Light blue button-up shirt
Light wash denim jeans,Green crewneck sweater
Tailored navy blue dress pants,White and blue checkered button-up shirt
Slim-fit black joggers,Red hoodie
Beige chinos,Gray polo shirt
Dark wash denim jeans,Black leather jacket
Black leather skinny pants,Black turtleneck sweater
Charcoal gray chinos,Red and black plaid flannel shirt
Olive green slim-fit joggers,Gray long-sleeve thermal shirt
Slim-fit navy blue chinos,Black polo shirt
Loose-fitting khaki cargo pants,Blue and white striped t-shirt
Skinny-fit black leather pants,Gray hoodie
Classic charcoal gray dress pants,Light purple dress shirt
Relaxed-fit olive green cargo pants,Black short-sleeve button-up shirt
Tapered light wash jeans,Gray and white striped long sleeve shirt
Slim-fit black joggers,Light gray crewneck sweatshirt
Light gray tailored dress pants,Blue and white checkered button-up shirt
Dark wash denim jeans,White graphic t-shirt
Slim-fit navy blue chinos,Green polo shirt
Loose-fitting beige cargo pants,Black hoodie
Skinny-fit black leather pants,Black and white striped button-up shirt
Classic gray dress pants,Light blue and white oxford shirt
Relaxed-fit olive green cargo pants,Red and black plaid flannel shirt
Tapered black jeans,Light gray turtleneck sweater
Slim-fit dark brown chinos,Striped gray and white button-up shirt
Light wash denim jeans,Black crewneck sweatshirt
Tailored navy blue dress pants,Black turtleneck sweater
Slim-fit black joggers,Blue crewneck sweatshirt
Beige chinos,Light pink button-up shirt
Dark wash denim jeans,Green plaid flannel shirt
Black leather skinny pants,Gray crewneck sweater
Charcoal gray chinos,Black long-sleeve thermal shirt
Olive green slim-fit joggers,White and blue checkered button-up shirt
Slim-fit navy blue chinos,Gray polo shirt
Loose-fitting khaki cargo pants,Dark gray crewneck sweatshirt
Skinny-fit black leather pants,Light blue button-up shirt
Navy blue dress pants,Light green polo shirt
Gray cargo pants,Black t-shirt
Black skinny jeans,Red and black plaid shirt
Charcoal gray dress pants,White and blue striped button-up shirt
Dark blue chinos,Gray crewneck sweater
Light khaki cargo pants,Blue short-sleeve button-up shirt
Dark wash denim jeans,Black crewneck sweatshirt
Olive green chinos,Gray and white striped long sleeve shirt
Black leather pants,White dress shirt
Tan joggers,Black hoodie
Beige dress pants,Red polo shirt
Light blue chinos,White t-shirt
Black cargo pants,Light gray long sleeve t-shirt
Dark gray dress pants,Dark green polo shirt
Slim-fit brown chinos,Blue plaid button-up shirt
Light wash skinny jeans,Gray crewneck t-shirt
Olive green cargo pants,Black hoodie
Black dress pants,White dress shirt
Charcoal gray joggers,Light blue polo shirt
Dark wash denim jeans,White and black graphic t-shirt
Khaki chinos,Black crewneck sweater
Black leather pants,Red button-up shirt
Navy blue dress pants,Light gray dress shirt
Gray cargo pants,Light blue short-sleeve button-up shirt
Tan joggers,Gray crewneck sweatshirt
Light khaki chinos,Black and white striped long sleeve shirt
Dark gray dress pants,Light blue button-up shirt
Black skinny jeans,Green and black plaid shirt
Olive green cargo pants,Gray t-shirt
Charcoal gray dress pants,White polo shirt
Dark blue chinos,Light gray crewneck sweater
Light wash denim jeans,Black and white graphic t-shirt
Black leather pants,Gray hoodie
Beige dress pants,Blue polo shirt
Dark gray joggers,Black crewneck sweatshirt
Slim-fit brown chinos,Black dress shirt
Light blue chinos,Gray and white striped button-up shirt
Black cargo pants,White long sleeve t-shirt
Olive green chinos,Red polo shirt
Khaki joggers,Light gray t-shirt
Black dress pants,Dark green dress shirt
Dark wash denim jeans,Light blue crewneck t-shirt
Navy blue dress pants,Gray and white plaid button-up shirt
Gray cargo pants,Light green short-sleeve button-up shirt
Tan joggers,Black crewneck t-shirt
Light khaki chinos,Blue and white striped long sleeve shirt
Black skinny jeans,Light gray crewneck sweater
Dark gray dress pants,Light purple dress shirt
Olive green cargo pants,White and black graphic t-shirt
Charcoal gray joggers,Black hoodie
Light wash skinny jeans,Gray and black striped long sleeve shirt
Black leather pants,Dark blue dress shirt
Beige dress pants,Black and white striped button-up shirt
Dark blue chinos,Red polo shirt
Slim-fit brown chinos,Gray dress shirt
Dark wash denim jeans,Green and black plaid shirt
Light blue chinos,Black t-shirt
Black cargo pants,White crewneck t-shirt
Khaki joggers,Light blue polo shirt
Navy blue dress pants,White and blue checkered button-up shirt
Gray cargo pants,Black hoodie
Olive green chinos,Gray crewneck sweatshirt
Black dress pants,Light gray dress shirt
Dark gray joggers,Blue and white striped button-up shirt
Light khaki cargo pants,Light blue short-sleeve button-up shirt
Black skinny jeans,Dark green polo shirt
Charcoal gray dress pants,Black dress shirt
Dark wash denim jeans,Red crewneck sweatshirt
